CCA1,CCA2,vgntxt,ccatype,Phylum,Class,Order,Family,Genus,names,plot
1.842376214,0.292230495,543508,species,Tenericutes,Mollicutes,Mycoplasmatales,Mycoplasmataceae,Mycoplasma,543508,
-0.368531616,-1.058328858,1033426,species,Actinobacteria,Actinobacteria,Actinomycetales,Nocardioidaceae,Nocardioides,1033426,
0.676071026,-3.328640502,274011,species,Thermi,Deinococci,Deinococcales,Trueperaceae,Truepera,274011,
-0.396506321,0.881135364,574032,species,Actinobacteria,Thermoleophilia,Solirubrobacterales,Conexibacteraceae,Conexibacter,574032,
-3.688252983,-0.756601683,1127882,species,Proteobacteria,Alphaproteobacteria,Sphingomonadales,Sphingomonadaceae,Sphingopyxis,1127882,
2.797209127,0.708105301,188500,species,Actinobacteria,Actinobacteria,Actinomycetales,Cellulomonadaceae,Demequina,188500,
-0.987368818,4.999010967,144348,species,Synergistetes,Synergistia,Synergistales,Dethiosulfovibrionaceae,TG5,144348,
-3.982030697,-0.700141184,586743,species,Bacteroidetes,Sphingobacteriia,Sphingobacteriales,Sphingobacteriaceae,Parapedobacter,586743,
2.797209127,0.708105301,4359869,species,Firmicutes,Bacilli,Bacillales,Bacillaceae,Oceanobacillus,4359869,
-0.728089726,4.434043581,4440018,species,Firmicutes,Bacilli,Lactobacillales,Leuconostocaceae,Weissella,4440018,
0.777981644,-0.103309854,523589,species,Firmicutes,Clostridia,Clostridiales,Clostridiaceae,Clostridium,523589,1
-1.219628294,3.047340972,808758,species,Proteobacteria,Alphaproteobacteria,Sphingomonadales,Sphingomonadaceae,Novosphingobium,808758,
-0.444484449,-3.40437751,383023,species,Proteobacteria,Alphaproteobacteria,Rhizobiales,Brucellaceae,Ochrobactrum,383023,
2.797209127,0.708105301,4361407,species,Firmicutes,Clostridia,Clostridiales,Veillonellaceae,Sporomusa,4361407,
0.526620356,0.942899491,456617,species,Verrucomicrobia,Spartobacteria,Chthoniobacterales,Chthoniobacteraceae,Ellin506,456617,
-3.982030697,-0.700141184,350896,species,Proteobacteria,Gammaproteobacteria,Alteromonadales,Alteromonadaceae,Cellvibrio,350896,
0.272786052,-0.072097298,1141646,species,Firmicutes,Bacilli,Lactobacillales,Streptococcaceae,Streptococcus,1141646,1
-0.412859335,-2.46042931,567669,species,Actinobacteria,Actinobacteria,Actinomycetales,Micrococcaceae,Kocuria,567669,
-0.987368818,4.999010967,915265,species,Bacteroidetes,Cytophagia,Cytophagales,Cytophagaceae,Dyadobacter,915265,
-1.573922204,3.033161046,1049387,species,Proteobacteria,Gammaproteobacteria,Xanthomonadales,Xanthomonadaceae,Pseudoxanthomonas,1049387,
1.678462175,0.280628937,223593,species,Actinobacteria,Actinobacteria,Actinomycetales,Microbacteriaceae,Rathayibacter,223593,
0.413031632,-1.696435033,1084417,species,Proteobacteria,Betaproteobacteria,Burkholderiales,Burkholderiaceae,Lautropia,1084417,
-2.069446277,0.712352436,521073,species,Proteobacteria,Alphaproteobacteria,Rhizobiales,Rhizobiaceae,Agrobacterium,521073,
-0.225610886,-1.631750251,809991,species,Firmicutes,Bacilli,Bacillales,Staphylococcaceae,Salinicoccus,809991,1
0.037064925,1.972501183,801438,species,Proteobacteria,Gammaproteobacteria,Enterobacteriales,Enterobacteriaceae,Dickeya,801438,
-3.143130363,-0.765994878,731707,species,Proteobacteria,Betaproteobacteria,Burkholderiales,Comamonadaceae,Hylemonella,731707,
-0.455157983,-1.731852271,3053045,species,Actinobacteria,Actinobacteria,Actinomycetales,Promicromonosporaceae,Cellulosimicrobium,3053045,
-3.982030697,-0.700141184,132981,species,Proteobacteria,Alphaproteobacteria,Rhizobiales,Rhizobiaceae,Shinella,132981,
-0.987368818,4.999010967,558970,species,Proteobacteria,Gammaproteobacteria,Enterobacteriales,Enterobacteriaceae,Plesiomonas,558970,
-0.197452751,-4.991046849,289730,species,Firmicutes,Clostridia,Clostridiales,Peptostreptococcaceae,Clostridium,289730,
-0.987368818,4.999010967,145053,species,Actinobacteria,Actinobacteria,Actinomycetales,Geodermatophilaceae,Geodermatophilus,145053,
-2.577488724,-1.376245043,909170,species,Verrucomicrobia,Verrucomicrobiae,Verrucomicrobiales,Verrucomicrobiaceae,Luteolibacter,909170,
0.304362455,-0.044945101,543156,species,Proteobacteria,Alphaproteobacteria,Rhizobiales,Xanthobacteraceae,Labrys,543156,
2.781859409,0.725508614,757998,species,Bacteroidetes,Bacteroidia,Bacteroidales,Porphyromonadaceae,Dysgonomonas,757998,
-0.694735156,-1.323574817,591683,species,Proteobacteria,Alphaproteobacteria,Rhizobiales,Hyphomicrobiaceae,Pedomicrobium,591683,
0.252656521,2.126945838,294254,species,Firmicutes,Bacilli,Lactobacillales,Streptococcaceae,Lactococcus,294254,1
0.615848745,-0.672453385,13325,species,Actinobacteria,Actinobacteria,Actinomycetales,Gordoniaceae,Gordonia,13325,
-2.781612622,-2.061159715,217700,species,Armatimonadetes,Fimbriimonadia,Fimbriimonadales,Fimbriimonadaceae,Fimbriimonas,217700,
-0.854829996,3.322794277,515638,species,Firmicutes,Bacilli,Bacillales,Planococcaceae,Solibacillus,515638,
-0.844704812,-3.88320639,1101451,species,Actinobacteria,Actinobacteria,Actinomycetales,Micrococcaceae,Micrococcus,1101451,
-3.121228351,-0.801196876,4348493,species,Proteobacteria,Gammaproteobacteria,Xanthomonadales,Xanthomonadaceae,Luteimonas,4348493,
-3.982030697,-0.700141184,278327,species,Bacteroidetes,Flavobacteriia,Flavobacteriales,Cryomorphaceae,Cryomorpha,278327,
-0.49624221,4.442177952,247758,species,Actinobacteria,Actinobacteria,Actinomycetales,Nocardioidaceae,Kribbella,247758,
-0.987368818,4.999010967,1017181,species,Actinobacteria,Actinobacteria,Actinomycetales,Micrococcaceae,Rothia,1017181,
-0.9129996,0.698706279,544480,species,Actinobacteria,Actinobacteria,Actinomycetales,Corynebacteriaceae,Corynebacterium,544480,
-3.982030697,-0.700141184,352392,species,Proteobacteria,Gammaproteobacteria,Pseudomonadales,Moraxellaceae,Perlucidibaca,352392,
-0.970792121,4.980216521,334555,species,Firmicutes,Bacilli,Bacillales,Planococcaceae,Rummeliibacillus,334555,
-0.987368818,4.999010967,3357674,species,Proteobacteria,Alphaproteobacteria,Rhodospirillales,Rhodospirillaceae,Phaeospirillum,3357674,
-0.661063102,-0.636593012,114587,species,Actinobacteria,Actinobacteria,Actinomycetales,Pseudonocardiaceae,Pseudonocardia,114587,
1.334956969,0.253554732,4307265,species,Firmicutes,Clostridia,Clostridiales,Lachnospiraceae,Coprococcus,4307265,
0.552952181,3.252614883,101699,species,Proteobacteria,Deltaproteobacteria,Desulfarculales,Desulfarculaceae,Desulfarculus,101699,
-1.992055454,0.524073081,510406,species,Verrucomicrobia,Spartobacteria,Chthoniobacterales,Chthoniobacteraceae,Candidatus_Xiphinematobacter,510406,
0.869512928,2.893702391,566243,species,Proteobacteria,Gammaproteobacteria,Enterobacteriales,Enterobacteriaceae,Escherichia,566243,
-1.703848949,-1.575472911,535196,species,Proteobacteria,Alphaproteobacteria,Rhodobacterales,Rhodobacteraceae,Paracoccus,535196,
-1.91652311,-0.963437865,570350,species,Proteobacteria,Alphaproteobacteria,Sphingomonadales,Sphingomonadaceae,Sphingobium,570350,
-0.197452751,-4.991046849,201075,species,Proteobacteria,Betaproteobacteria,Burkholderiales,Oxalobacteraceae,Cupriavidus,201075,
-0.197452751,-4.991046849,581821,species,Actinobacteria,Actinobacteria,Actinomycetales,Promicromonosporaceae,Promicromonospora,581821,
-0.197452751,-4.991046849,586084,species,Actinobacteria,Actinobacteria,Actinomycetales,Streptosporangiaceae,Acrocarpospora,586084,
-0.278690733,-3.963631188,519625,species,Bacteroidetes,Saprospirae,Saprospirales,Chitinophagaceae,Sediminibacterium,519625,
-3.86319929,-0.8348707,136998,species,Verrucomicrobia,Opitutae,Opitutales,Opitutaceae,Opitutus,136998,
-2.390253913,-0.406796623,409932,species,Actinobacteria,Actinobacteria,Actinomycetales,Micromonosporaceae,Pilimelia,409932,
0.325112766,3.510936274,743788,species,Actinobacteria,Actinobacteria,Actinomycetales,Pseudonocardiaceae,Amycolatopsis,743788,
-1.093258207,3.639473002,1128644,species,Proteobacteria,Deltaproteobacteria,Desulfovibrionales,Desulfovibrionaceae,Lawsonia,1128644,
0.555598381,0.437152848,816470,species,Firmicutes,Bacilli,Bacillales,Bacillaceae,Bacillus,816470,
-1.061297379,2.118922296,463861,species,Actinobacteria,Actinobacteria,Actinomycetales,Micrococcaceae,Arthrobacter,463861,
-0.197452751,-4.991046849,337126,species,Bacteroidetes,Bacteroidia,Bacteroidales,Bacteroidaceae,Genus_5_7N15,337126,
-0.197452751,-4.991046849,590849,species,Bacteroidetes,Saprospirae,Saprospirales,Chitinophagaceae,Flavisolibacter,590849,
0.483005673,1.259200715,528952,species,Proteobacteria,Gammaproteobacteria,Pseudomonadales,Pseudomonadaceae,Pseudomonas,528952,1
-0.987368818,4.999010967,273974,species,Proteobacteria,Alphaproteobacteria,Rickettsiales,Rickettsiaceae,Wolbachia,273974,
-0.197452751,-4.991046849,181971,species,Actinobacteria,Actinobacteria,Actinomycetales,Actinomycetaceae,N09,181971,
-0.340392704,-0.383276144,995960,species,Actinobacteria,Actinobacteria,Actinomycetales,Dermabacteraceae,Brachybacterium,995960,
-0.342977665,0.778743805,377546,species,Proteobacteria,Alphaproteobacteria,Caulobacterales,Caulobacteraceae,Mycoplana,377546,
-0.197452751,-4.991046849,539735,species,Actinobacteria,Actinobacteria,Actinomycetales,Dietziaceae,Dietzia,539735,
-3.519522238,-0.912993348,950620,species,Verrucomicrobia,Verrucomicrobiae,Verrucomicrobiales,Verrucomicrobiaceae,Prosthecobacter,950620,
0.505695977,1.393221309,934235,species,Proteobacteria,Alphaproteobacteria,Rhizobiales,Beijerinckiaceae,Beijerinckia,934235,
2.249524518,1.329063049,323501,species,Firmicutes,Clostridia,Clostridiales,Ruminococcaceae,Ruminococcus,323501,
-0.463324488,-1.628570581,1106617,species,Proteobacteria,Betaproteobacteria,Burkholderiales,Comamonadaceae,Roseateles,1106617,
-0.664531151,0.916087359,4417061,species,Proteobacteria,Alphaproteobacteria,Rhizobiales,Xanthobacteraceae,Xanthobacter,4417061,
-2.233568966,2.046784604,4414605,species,Proteobacteria,Gammaproteobacteria,Xanthomonadales,Xanthomonadaceae,Lysobacter,4414605,
-3.912285661,-0.567409148,269907,species,Bacteroidetes,Bacteroidia,Bacteroidales,Paraprevotellaceae,Prevotella,269907,
0.22003837,-0.994297357,55486,species,Proteobacteria,Betaproteobacteria,Neisseriales,Neisseriaceae,Kingella,55486,
-0.093941759,0.736227046,897109,species,Proteobacteria,Gammaproteobacteria,Pasteurellales,Pasteurellaceae,Gallibacterium,897109,
-0.122035671,-1.323423806,609533,species,Fusobacteria,Fusobacteriia,Fusobacteriales,Leptotrichiaceae,Leptotrichia,609533,
-0.197452751,-4.991046849,5492,species,Proteobacteria,Alphaproteobacteria,Rhizobiales,Bartonellaceae,Bartonella,5492,
-1.628372598,-0.349885601,849118,species,Proteobacteria,Alphaproteobacteria,Rhizobiales,Hyphomicrobiaceae,Devosia,849118,
-1.028184066,-1.229925755,518302,species,Proteobacteria,Alphaproteobacteria,Rhodobacterales,Rhodobacteraceae,Amaricoccus,518302,
-2.972538944,-1.844689913,353579,species,Proteobacteria,Gammaproteobacteria,Alteromonadales,Alteromonadaceae,Microbulbifer,353579,
-2.176341824,-2.223309073,689528,species,Actinobacteria,Actinobacteria,Actinomycetales,Intrasporangiaceae,Phycicoccus,689528,
-0.206257301,-0.162303311,566454,species,Actinobacteria,Actinobacteria,Actinomycetales,Dermacoccaceae,Dermacoccus,566454,
-3.161440512,-1.630515752,4356361,species,Proteobacteria,Betaproteobacteria,Burkholderiales,Comamonadaceae,Ramlibacter,4356361,
0.084612286,-0.960860406,560709,species,Proteobacteria,Gammaproteobacteria,Pasteurellales,Pasteurellaceae,Aggregatibacter,560709,
-0.40968684,0.175215119,3908639,species,Proteobacteria,Gammaproteobacteria,Enterobacteriales,Enterobacteriaceae,Klebsiella,3908639,
-1.997419723,-1.659583567,569551,species,Proteobacteria,Betaproteobacteria,Burkholderiales,Alcaligenaceae,Pigmentiphaga,569551,
-0.987368818,4.999010967,745917,species,Proteobacteria,Alphaproteobacteria,Rhodospirillales,Rhodospirillaceae,Azospirillum,745917,
1.74115482,-1.301675576,801579,species,Firmicutes,Bacilli,Bacillales,Planococcaceae,Lysinibacillus,801579,
-0.722702697,-0.174620914,540940,species,Firmicutes,Bacilli,Lactobacillales,Leuconostocaceae,Leuconostoc,540940,
-0.799483559,0.969610677,1048194,species,Actinobacteria,Actinobacteria,Actinomycetales,Pseudonocardiaceae,Actinomycetospora,1048194,
-0.275947694,-0.634602145,804735,species,Actinobacteria,Actinobacteria,Actinomycetales,Brevibacteriaceae,Brevibacterium,804735,
-3.285391463,-0.55542883,1135798,species,Proteobacteria,Alphaproteobacteria,Sphingomonadales,Sphingomonadaceae,Blastomonas,1135798,
-1.742491692,-2.1372857,324217,species,Actinobacteria,Actinobacteria,Actinomycetales,Nocardioidaceae,Aeromicrobium,324217,
-0.197452751,-4.991046849,891562,species,Bacteroidetes,Cytophagia,Cytophagales,Cytophagaceae,Hymenobacter,891562,
-2.056489693,2.190229603,814176,species,Proteobacteria,Betaproteobacteria,Burkholderiales,Burkholderiaceae,Burkholderia,814176,
-3.597006017,-0.727225571,517065,species,Bacteroidetes,Saprospirae,Saprospirales,Chitinophagaceae,Flavihumibacter,517065,
-2.448353008,0.272162505,1130846,species,Actinobacteria,Actinobacteria,Actinomycetales,Microbacteriaceae,Agromyces,1130846,
0.157548817,1.275182033,2053923,species,Cyanobacteria,Synechococcophycideae,Synechococcales,Acaryochloridaceae,Acaryochloris,2053923,
0.092414036,-1.189268587,766020,species,Proteobacteria,Alphaproteobacteria,Rhizobiales,Bradyrhizobiaceae,Bosea,766020,
-2.14486876,-2.369876865,569356,species,Proteobacteria,Betaproteobacteria,Rhodocyclales,Rhodocyclaceae,Thauera,569356,
-2.773157258,-1.084625297,569018,species,Verrucomicrobia,Verrucomicrobiae,Verrucomicrobiales,Verrucomicrobiaceae,Verrucomicrobium,569018,
-0.465210913,1.114585442,562912,species,Actinobacteria,Actinobacteria,Actinomycetales,Promicromonosporaceae,Xylanimicrobium,562912,
1.954192553,1.196768178,1111582,species,Firmicutes,Bacilli,Lactobacillales,Enterococcaceae,Enterococcus,1111582,
-3.457460718,-1.037127208,2847581,species,Proteobacteria,Alphaproteobacteria,Rhodobacterales,Hyphomonadaceae,Hyphomonas,2847581,
-0.215454392,0.81213981,537953,species,Planctomycetes,Planctomycetia,Pirellulales,Pirellulaceae,A17,537953,
-3.982030697,-0.700141184,323263,species,Actinobacteria,Actinobacteria,Actinomycetales,Micrococcaceae,Nesterenkonia,323263,
-0.383803783,-2.634267867,274025,species,Proteobacteria,Deltaproteobacteria,Myxococcales,Myxococcaceae,Myxococcus,274025,
-1.050214457,4.663628963,518743,species,Firmicutes,Clostridia,Clostridiales,Veillonellaceae,Veillonella,518743,
0.289524361,1.132350916,1062748,species,Actinobacteria,Actinobacteria,Actinomycetales,Mycobacteriaceae,Mycobacterium,1062748,
-3.982030697,-0.700141184,850808,species,Proteobacteria,Betaproteobacteria,Hydrogenophilales,Hydrogenophilaceae,Thiobacillus,850808,
-0.334575783,-3.256853722,949327,species,Bacteroidetes,Flavobacteriia,Flavobacteriales,Weeksellaceae,Wautersiella,949327,
2.64491253,0.649298293,4428164,species,Proteobacteria,Gammaproteobacteria,Oceanospirillales,Halomonadaceae,Kushneria,4428164,
-2.846897439,-1.087038676,521994,species,Proteobacteria,Alphaproteobacteria,Rhodobacterales,Rhodobacteraceae,Rhodobacter,521994,
1.272434049,-2.193699816,574102,species,Proteobacteria,Gammaproteobacteria,Pseudomonadales,Moraxellaceae,Enhydrobacter,574102,
-1.603744485,-0.70334973,516198,species,Proteobacteria,Betaproteobacteria,Neisseriales,Neisseriaceae,Neisseria,516198,
-0.197452751,-4.991046849,368490,species,Firmicutes,Bacilli,Turicibacterales,Turicibacteraceae,Turicibacter,368490,
-0.537528901,-1.168812006,243943,species,Actinobacteria,Actinobacteria,Actinomycetales,Nocardioidaceae,Pimelobacter,243943,
-0.467953925,-1.570022155,547806,species,Actinobacteria,Actinobacteria,Actinomycetales,Actinosynnemataceae,Lentzea,547806,
-0.24065093,0.474241275,4411088,species,Actinobacteria,Actinobacteria,Actinomycetales,Thermomonosporaceae,Actinoallomurus,4411088,
0.441760518,-0.264282786,243777,species,Proteobacteria,Gammaproteobacteria,Pasteurellales,Pasteurellaceae,Haemophilus,243777,
1.619659732,0.861338917,687940,species,Proteobacteria,Gammaproteobacteria,Enterobacteriales,Enterobacteriaceae,Enterobacter,687940,
0.019761251,-1.166186498,207813,species,Proteobacteria,Gammaproteobacteria,Xanthomonadales,Xanthomonadaceae,Thermomonas,207813,
-0.987368818,4.999010967,3571630,species,Bacteroidetes,Bacteroidia,Bacteroidales,Porphyromonadaceae,Tannerella,3571630,
-1.684907283,0.80790766,573432,species,Proteobacteria,Epsilonproteobacteria,Campylobacterales,Campylobacteraceae,Campylobacter,573432,
-1.519467851,-3.492163178,721526,species,Firmicutes,Bacilli,Lactobacillales,Aerococcaceae,Aerococcus,721526,
-0.987368818,4.999010967,839235,species,Proteobacteria,Gammaproteobacteria,Aeromonadales,Aeromonadaceae,Aeromonas,839235,
0.122259384,-2.881147569,1049393,species,Verrucomicrobia,Spartobacteria,Chthoniobacterales,Chthoniobacteraceae,Chthoniobacter,1049393,
-2.817345304,-1.041849006,4434564,species,Proteobacteria,Betaproteobacteria,Burkholderiales,Comamonadaceae,Comamonas,4434564,
-0.019981112,-0.810428368,254649,species,Actinobacteria,Actinobacteria,Actinomycetales,Cellulomonadaceae,Cellulomonas,254649,
-0.987368818,4.999010967,298592,species,Fusobacteria,Fusobacteriia,Fusobacteriales,Fusobacteriaceae,Fusobacterium,298592,
-2.088861718,-2.021549128,804663,species,Proteobacteria,Gammaproteobacteria,Oceanospirillales,Halomonadaceae,Candidatus_Portiera,804663,
-0.125572064,-1.962024703,590099,species,Proteobacteria,Alphaproteobacteria,Sphingomonadales,Sphingomonadaceae,Sphingomonas,590099,
0.001987635,3.87729138,449855,species,Actinobacteria,Actinobacteria,Actinomycetales,Micrococcaceae,Microbispora,449855,
-2.363498392,-1.880326112,3025389,species,Proteobacteria,Betaproteobacteria,Burkholderiales,Comamonadaceae,Hydrogenophaga,3025389,
-0.322532605,-3.409163627,136379,species,Actinobacteria,Actinobacteria,Actinomycetales,Frankiaceae,Frankia,136379,
0.558893901,-1.497101558,7764,species,Proteobacteria,Gammaproteobacteria,Cardiobacteriales,Cardiobacteriaceae,Cardiobacterium,7764,
-0.231528515,-1.138841118,1073436,species,Firmicutes,Bacilli,Bacillales,Staphylococcaceae,Staphylococcus,1073436,1
-1.192489421,-1.790772362,423327,species,Proteobacteria,Betaproteobacteria,Burkholderiales,Alcaligenaceae,Achromobacter,423327,
-0.987368818,4.999010967,4338331,species,Firmicutes,Clostridia,Clostridiales,Tissierellaceae,Sedimentibacter,4338331,
-1.700471027,-0.462020306,3829951,species,Firmicutes,Clostridia,Clostridiales,Lachnospiraceae,Epulopiscium,3829951,
1.060195046,0.68533907,572586,species,Proteobacteria,Alphaproteobacteria,Rhizobiales,Methylobacteriaceae,Methylobacterium,572586,
-2.517629073,-1.456240546,365415,species,Proteobacteria,Gammaproteobacteria,Xanthomonadales,Sinobacteraceae,Steroidobacter,365415,
0.04534393,-3.018752245,956334,species,Actinobacteria,Actinobacteria,Actinomycetales,Nocardiopsaceae,Prauseria,956334,
0.614240661,-0.625198481,3805518,species,Firmicutes,Clostridia,Clostridiales,Clostridiaceae,SMB53,3805518,1
-0.898478217,-4.196233217,264269,species,Proteobacteria,Alphaproteobacteria,Caulobacterales,Caulobacteraceae,Brevundimonas,264269,
-0.482440728,4.42653001,106543,species,Proteobacteria,Alphaproteobacteria,Rhizobiales,Bradyrhizobiaceae,Balneimonas,106543,
-0.197452751,-4.991046849,1106324,species,Proteobacteria,Betaproteobacteria,Burkholderiales,Comamonadaceae,Acidovorax,1106324,
-1.155955522,-0.85873042,543942,species,Proteobacteria,Gammaproteobacteria,Pseudomonadales,Moraxellaceae,Acinetobacter,543942,
-3.788184895,-0.470876429,4357116,species,Bacteroidetes,Sphingobacteriia,Sphingobacteriales,Sphingobacteriaceae,Pedobacter,4357116,
-0.998367576,-0.247144788,541612,species,Proteobacteria,Alphaproteobacteria,Rhizobiales,Hyphomicrobiaceae,Rhodoplanes,541612,
-3.982030697,-0.700141184,813695,species,Proteobacteria,Gammaproteobacteria,Xanthomonadales,Xanthomonadaceae,Arenimonas,813695,
-0.987368818,4.999010967,214811,species,Proteobacteria,Alphaproteobacteria,Rhizobiales,Methylocystaceae,Pleomorphomonas,214811,
1.298483728,2.40734083,1108454,species,Proteobacteria,Betaproteobacteria,Burkholderiales,Oxalobacteraceae,Oxalobacter,1108454,
-3.557666905,-0.984090788,1639369,species,Bacteroidetes,Saprospirae,Saprospirales,Chitinophagaceae,Niabella,1639369,
-2.357054145,1.37220612,4295894,species,Planctomycetes,Planctomycetia,Pirellulales,Pirellulaceae,Pirellula,4295894,
-0.413935863,-2.253187854,554499,species,Cyanobacteria,Nostocophycideae,Nostocales,Scytonemataceae,Brasilonema,554499,
-0.132416337,-2.267578417,240451,species,Actinobacteria,Actinobacteria,Actinomycetales,Kineosporiaceae,Kineococcus,240451,
-2.931024409,-1.643601689,874539,species,Bacteroidetes,Rhodothermi,Rhodothermales,Rhodothermaceae,Rubricoccus,874539,
0.290845825,-4.061764015,139390,species,Actinobacteria,Acidimicrobiia,Acidimicrobiales,Microthrixaceae,Candidatus_Microthrix,139390,
-0.388015007,-2.581008574,551756,species,Proteobacteria,Alphaproteobacteria,Rhizobiales,Rhizobiaceae,Kaistia,551756,
2.797209127,0.708105301,201285,species,Planctomycetes,Planctomycetia,Gemmatales,Isosphaeraceae,Isosphaera,201285,
2.797209127,0.708105301,581747,species,Proteobacteria,Alphaproteobacteria,Rhodospirillales,Acetobacteraceae,Acidisoma,581747,
-0.056258818,2.229315188,4447100,species,Thermi,Deinococci,Deinococcales,Deinococcaceae,Deinococcus,4447100,
1.180112787,0.198555107,909097,species,Proteobacteria,Alphaproteobacteria,Rhodospirillales,Acetobacteraceae,Roseomonas,909097,
-0.587493717,-0.322803848,1133478,species,Actinobacteria,Actinobacteria,Actinomycetales,Micromonosporaceae,Actinoplanes,1133478,
2.528152727,0.701222148,255657,species,Proteobacteria,Gammaproteobacteria,Oceanospirillales,Halomonadaceae,Haererehalobacter,255657,
-1.013757302,0.755116106,883057,species,Actinobacteria,Actinobacteria,Actinomycetales,Cellulomonadaceae,Actinotalea,883057,
-0.781827579,0.454643181,1108350,species,Actinobacteria,Actinobacteria,Actinomycetales,Microbacteriaceae,Curtobacterium,1108350,
-1.333317193,0.383138858,1040027,species,Firmicutes,Bacilli,Bacillales,Paenibacillaceae,Paenibacillus,1040027,
-0.483559695,1.819817289,1009340,species,Verrucomicrobia,Spartobacteria,Chthoniobacterales,Chthoniobacteraceae,DA101,1009340,
-3.982030697,-0.700141184,261595,species,Firmicutes,Bacilli,Bacillales,Paenibacillaceae,Cohnella,261595,
0.572570627,-1.499771335,886728,species,Proteobacteria,Gammaproteobacteria,Pseudomonadales,Moraxellaceae,Moraxella,886728,
-0.72293813,2.679154481,103410,species,Proteobacteria,Alphaproteobacteria,Rhizobiales,Rhizobiaceae,Rhizobium,103410,
0.48909464,1.42462249,150977,species,Acidobacteria,Acidobacteriia,Acidobacteriales,Acidobacteriaceae,Edaphobacter,150977,
-3.982030697,-0.700141184,156755,species,Actinobacteria,Nitriliruptoria,Nitriliruptorales,Nitriliruptoraceae,Nitriliruptor,156755,
-3.982030697,-0.700141184,543675,species,Actinobacteria,Actinobacteria,Actinomycetales,Tsukamurellaceae,Tsukamurella,543675,
-3.623831777,-1.106262499,40439,species,Actinobacteria,Actinobacteria,Actinomycetales,Nocardiaceae,Nocardia,40439,
-0.197452751,-4.991046849,11353,species,Actinobacteria,Rubrobacteria,Rubrobacterales,Rubrobacteraceae,Rubrobacter,11353,
-1.952470673,-3.001230163,317200,species,Actinobacteria,Actinobacteria,Actinomycetales,Nocardiopsaceae,Nocardiopsis,317200,
-1.526518488,-0.028754552,538998,species,Proteobacteria,Alphaproteobacteria,Rhizobiales,Methylocystaceae,Methylosinus,538998,
-1.03592393,-0.765746281,1056070,species,Proteobacteria,Alphaproteobacteria,Rhizobiales,Hyphomicrobiaceae,Hyphomicrobium,1056070,
-0.197452751,-4.991046849,668525,species,Actinobacteria,Actinobacteria,Actinomycetales,Pseudonocardiaceae,Jiangella,668525,
-0.957475876,4.620955327,1722623,species,Firmicutes,Bacilli,Lactobacillales,Lactobacillaceae,Lactobacillus,1722623,
-0.175954247,-2.451285064,784415,species,Proteobacteria,Betaproteobacteria,Burkholderiales,Burkholderiaceae,Salinispora,784415,
-0.197452751,-4.991046849,226125,species,Proteobacteria,Gammaproteobacteria,Thiotrichales,Piscirickettsiaceae,Methylophaga,226125,
2.797209127,0.708105301,558480,species,Cyanobacteria,Synechococcophycideae,Synechococcales,Synechococcaceae,Synechococcus,558480,
-3.81000176,-0.66440574,694452,species,Nitrospirae,Nitrospira,Nitrospirales,Nitrospiraceae,Nitrospira,694452,
2.765300036,0.64737899,745736,species,Proteobacteria,Gammaproteobacteria,Oceanospirillales,Halomonadaceae,Halomonas,745736,
-1.568292372,-2.302808946,898468,species,Actinobacteria,Actinobacteria,Actinomycetales,Microbacteriaceae,Leucobacter,898468,
-0.197452751,-4.991046849,408093,species,Actinobacteria,Actinobacteria,Actinomycetales,Micromonosporaceae,Dactylosporangium,408093,
-1.852677644,0.123242906,825362,species,Proteobacteria,Gammaproteobacteria,Enterobacteriales,Enterobacteriaceae,Serratia,825362,
1.966103404,0.942524194,572750,species,Proteobacteria,Gammaproteobacteria,Enterobacteriales,Enterobacteriaceae,Trabulsiella,572750,
-1.379816399,0.641905455,325387,species,Proteobacteria,Gammaproteobacteria,Xanthomonadales,Xanthomonadaceae,Dokdonella,325387,
2.550927118,0.804169148,349131,species,Actinobacteria,Actinobacteria,Actinomycetales,Microbacteriaceae,Salinibacterium,349131,
-0.987368818,4.999010967,126195,species,Proteobacteria,Betaproteobacteria,Burkholderiales,Oxalobacteraceae,Janthinobacterium,126195,
-1.590129707,-2.809470797,279358,species,Proteobacteria,Alphaproteobacteria,Caulobacterales,Caulobacteraceae,Phenylobacterium,279358,
-2.891299207,-1.71607829,4308750,species,Thermi,Deinococci,Deinococcales,Trueperaceae,B42,4308750,
-0.119093957,-0.754302235,800841,species,Actinobacteria,Acidimicrobiia,Acidimicrobiales,Iamiaceae,Iamia,800841,
-1.225449821,-3.15912521,970318,species,Firmicutes,Bacilli,Bacillales,Staphylococcaceae,Jeotgalicoccus,970318,1
-0.151274733,-0.906128501,4383052,species,Actinobacteria,Actinobacteria,Actinomycetales,Actinomycetaceae,Actinomyces,4383052,
-0.197452751,-4.991046849,942246,species,Actinobacteria,Actinobacteria,Actinomycetales,Williamsiaceae,Williamsia,942246,
-0.651208671,0.747598132,345333,species,Proteobacteria,Alphaproteobacteria,Rhizobiales,Phyllobacteriaceae,Phyllobacterium,345333,
-0.987368818,4.999010967,140230,species,Bacteroidetes,Sphingobacteriia,Sphingobacteriales,Sphingobacteriaceae,Olivibacter,140230,
-3.982030697,-0.700141184,260976,species,Proteobacteria,Deltaproteobacteria,Bdellovibrionales,Bacteriovoracaceae,Bacteriovorax,260976,
-0.197452751,-4.991046849,513602,species,Proteobacteria,Gammaproteobacteria,Xanthomonadales,Xanthomonadaceae,Rhodanobacter,513602,
-0.331605428,-3.294419763,114292,species,Proteobacteria,Alphaproteobacteria,Sphingomonadales,Sphingomonadaceae,Kaistobacter,114292,
-0.958855483,1.090511581,1083508,species,Proteobacteria,Gammaproteobacteria,Xanthomonadales,Xanthomonadaceae,Stenotrophomonas,1083508,
-0.589287304,-2.087707754,891031,species,Bacteroidetes,Sphingobacteriia,Sphingobacteriales,Sphingobacteriaceae,Sphingobacterium,891031,
-0.543603148,0.893473143,112997,species,Proteobacteria,Epsilonproteobacteria,Campylobacterales,Helicobacteraceae,Helicobacter,112997,1
-0.987368818,4.999010967,1031235,species,Planctomycetes,Planctomycetia,Gemmatales,Isosphaeraceae,Nostocoida,1031235,
-3.473816852,-0.46170017,704110,species,Proteobacteria,Betaproteobacteria,Burkholderiales,Comamonadaceae,Rubrivivax,704110,
-0.791719563,-2.569077556,544008,species,Proteobacteria,Alphaproteobacteria,Rhizobiales,Methylocystaceae,Methylopila,544008,
-3.982030697,-0.700141184,4415322,species,Bacteroidetes,Flavobacteriia,Flavobacteriales,Cryomorphaceae,Fluviicola,4415322,
-0.810515651,2.76235135,587616,species,Actinobacteria,Actinobacteria,Actinomycetales,Microbacteriaceae,Cryocola,587616,
-0.987368818,4.999010967,222831,species,Proteobacteria,Alphaproteobacteria,Rhizobiales,Bradyrhizobiaceae,Bradyrhizobium,222831,
0.288206302,3.552780346,102407,species,Bacteroidetes,Bacteroidia,Bacteroidales,Bacteroidaceae,Bacteroides,102407,
-3.982030697,-0.700141184,1136316,species,Proteobacteria,Deltaproteobacteria,Myxococcales,Polyangiaceae,Chondromyces,1136316,
-0.049257606,2.067181077,922761,species,Proteobacteria,Gammaproteobacteria,Enterobacteriales,Enterobacteriaceae,Pantoea,922761,
1.820487747,0.50521169,540269,species,Firmicutes,Bacilli,Bacillales,Exiguobacteraceae,Exiguobacterium,540269,
-0.100564985,2.227828911,193867,species,Actinobacteria,Actinobacteria,Actinomycetales,Nocardiaceae,Rhodococcus,193867,
-0.197452751,-4.991046849,217798,species,Proteobacteria,Alphaproteobacteria,Rhodospirillales,Rhodospirillaceae,Skermanella,217798,
-1.745346749,-0.925734525,1082846,species,Actinobacteria,Actinobacteria,Actinomycetales,Streptomycetaceae,Streptomyces,1082846,
-3.391522978,0.423656251,1059729,species,Firmicutes,Bacilli,Lactobacillales,Carnobacteriaceae,Granulicatella,1059729,
-3.982030697,-0.700141184,148797,species,Proteobacteria,Gammaproteobacteria,Xanthomonadales,Xanthomonadaceae,Aquimonas,148797,
0.407546601,-0.957769309,New.ReferenceOTU324,species,Bacteroidetes,Flavobacteriia,Flavobacteriales,Flavobacteriaceae,Capnocytophaga,New.ReferenceOTU324,
-1.527351677,-1.063304891,New.ReferenceOTU136,species,Planctomycetes,Planctomycetia,Planctomycetales,Planctomycetaceae,Planctomyces,New.ReferenceOTU136,
-0.439351103,-3.403473337,New.ReferenceOTU104,species,Actinobacteria,Actinobacteria,Actinomycetales,Beutenbergiaceae,Salana,New.ReferenceOTU104,
-3.971302507,-0.712304667,New.ReferenceOTU336,species,Bacteroidetes,Flavobacteriia,Flavobacteriales,Flavobacteriaceae,Flavobacterium,New.ReferenceOTU336,
0.192729086,-4.248490346,New.ReferenceOTU330,species,Actinobacteria,Thermoleophilia,Solirubrobacterales,Patulibacteraceae,Patulibacter,New.ReferenceOTU330,
2.377040709,1.184486836,New.ReferenceOTU343,species,Bacteroidetes,Bacteroidia,Bacteroidales,Porphyromonadaceae,Parabacteroides,New.ReferenceOTU343,
-0.183996923,-0.644248155,New.ReferenceOTU234,species,Proteobacteria,Betaproteobacteria,Neisseriales,Neisseriaceae,Conchiformibius,New.ReferenceOTU234,
-1.414512795,0.444746175,New.ReferenceOTU152,species,Proteobacteria,Alphaproteobacteria,Rhizobiales,Rhodobiaceae,Afifella,New.ReferenceOTU152,
-0.269379282,1.689506228,New.ReferenceOTU28,species,Proteobacteria,Gammaproteobacteria,Enterobacteriales,Enterobacteriaceae,Erwinia,New.ReferenceOTU28,
-0.677544053,1.080661357,New.ReferenceOTU477,species,Proteobacteria,Gammaproteobacteria,Pseudomonadales,Moraxellaceae,Alkanindiges,New.ReferenceOTU477,
2.797209127,0.708105301,New.ReferenceOTU275,species,Firmicutes,Clostridia,Clostridiales,Lachnospiraceae,Dorea,New.ReferenceOTU275,
-0.68699525,-1.783420984,New.ReferenceOTU219,species,Proteobacteria,Alphaproteobacteria,Rhizobiales,Phyllobacteriaceae,Mesorhizobium,New.ReferenceOTU219,
2.797209127,0.708105301,New.CleanUp.ReferenceOTU52,species,Firmicutes,Clostridia,Clostridiales,Clostridiaceae,Sarcina,New.CleanUp.ReferenceOTU52,1
-0.197452751,-4.991046849,New.CleanUp.ReferenceOTU1255,species,Cyanobacteria,Oscillatoriophycideae,Chroococcales,Xenococcaceae,Chroococcidiopsis,New.CleanUp.ReferenceOTU1255,
-3.793276314,-0.824182043,New.CleanUp.ReferenceOTU2655,species,Bacteroidetes,Cytophagia,Cytophagales,Cytophagaceae,Leadbetterella,New.CleanUp.ReferenceOTU2655,
-3.945443217,-0.692540893,New.CleanUp.ReferenceOTU7147,species,Proteobacteria,Gammaproteobacteria,Enterobacteriales,Enterobacteriaceae,Morganella,New.CleanUp.ReferenceOTU7147,
2.797209127,0.708105301,New.CleanUp.ReferenceOTU11908,species,Proteobacteria,Gammaproteobacteria,Enterobacteriales,Enterobacteriaceae,Proteus,New.CleanUp.ReferenceOTU11908,
2.797209127,0.708105301,New.CleanUp.ReferenceOTU17055,species,Firmicutes,Clostridia,Clostridiales,Syntrophomonadaceae,Syntrophomonas,New.CleanUp.ReferenceOTU17055,
-0.738010753,1.845382889,New.CleanUp.ReferenceOTU20635,species,Proteobacteria,Epsilonproteobacteria,Campylobacterales,Helicobacteraceae,Flexispira,New.CleanUp.ReferenceOTU20635,1
-1.993292787,-2.954946577,New.CleanUp.ReferenceOTU22598,species,Bacteroidetes,Saprospirae,Saprospirales,Chitinophagaceae,Chitinophaga,New.CleanUp.ReferenceOTU22598,
-2.744183008,-1.92430787,New.CleanUp.ReferenceOTU26209,species,Actinobacteria,Nitriliruptoria,Euzebyales,Euzebyaceae,Euzebya,New.CleanUp.ReferenceOTU26209,
-0.557671219,-0.435368757,New.CleanUp.ReferenceOTU27833,species,Proteobacteria,Gammaproteobacteria,Xanthomonadales,Xanthomonadaceae,Luteibacter,New.CleanUp.ReferenceOTU27833,
2.797209127,0.708105301,New.CleanUp.ReferenceOTU29600,species,Actinobacteria,Actinobacteria,Actinomycetales,Microbacteriaceae,Microbacterium,New.CleanUp.ReferenceOTU29600,
-0.399290159,0.630825403,New.CleanUp.ReferenceOTU33201,species,Proteobacteria,Gammaproteobacteria,Legionellales,Coxiellaceae,Aquicella,New.CleanUp.ReferenceOTU33201,
-1.918140035,-1.874200329,New.CleanUp.ReferenceOTU34282,species,Proteobacteria,Deltaproteobacteria,Bdellovibrionales,Bdellovibrionaceae,Bdellovibrio,New.CleanUp.ReferenceOTU34282,
0.49412931,-3.674894458,New.CleanUp.ReferenceOTU37215,species,Bacteroidetes,Cytophagia,Cytophagales,Cytophagaceae,Spirosoma,New.CleanUp.ReferenceOTU37215,
2.797209127,0.708105301,New.CleanUp.ReferenceOTU40995,species,Proteobacteria,Gammaproteobacteria,Enterobacteriales,Enterobacteriaceae,Cronobacter,New.CleanUp.ReferenceOTU40995,
2.797209127,0.708105301,New.CleanUp.ReferenceOTU49846,species,Proteobacteria,Gammaproteobacteria,Xanthomonadales,Xanthomonadaceae,Dyella,New.CleanUp.ReferenceOTU49846,
-2.534805413,-0.409648741,New.CleanUp.ReferenceOTU54471,species,Planctomycetes,Planctomycetia,Gemmatales,Gemmataceae,Gemmata,New.CleanUp.ReferenceOTU54471,
-0.197452751,-4.991046849,New.CleanUp.ReferenceOTU58213,species,Proteobacteria,Alphaproteobacteria,Rhodospirillales,Acetobacteraceae,Gluconobacter,New.CleanUp.ReferenceOTU58213,
-0.197452751,-4.991046849,New.CleanUp.ReferenceOTU63160,species,Proteobacteria,Alphaproteobacteria,Caulobacterales,Caulobacteraceae,Asticcacaulis,New.CleanUp.ReferenceOTU63160,
2.797209127,0.708105301,New.CleanUp.ReferenceOTU72975,species,Firmicutes,Clostridia,Clostridiales,Ruminococcaceae,Oscillospira,New.CleanUp.ReferenceOTU72975,
-0.197452751,-4.991046849,New.CleanUp.ReferenceOTU76155,species,Actinobacteria,Actinobacteria,Actinomycetales,Microbacteriaceae,Agrococcus,New.CleanUp.ReferenceOTU76155,
2.797209127,0.708105301,New.CleanUp.ReferenceOTU78534,species,Synergistetes,Synergistia,Synergistales,Synergistaceae,Candidatus_Tammella,New.CleanUp.ReferenceOTU78534,
1.34924713,-2.047516556,New.CleanUp.ReferenceOTU79959,species,Proteobacteria,Gammaproteobacteria,Pasteurellales,Pasteurellaceae,Pasteurella,New.CleanUp.ReferenceOTU79959,
-2.778848892,-0.450205115,New.CleanUp.ReferenceOTU82598,species,Actinobacteria,Actinobacteria,Actinomycetales,Glycomycetaceae,Glycomyces,New.CleanUp.ReferenceOTU82598,
0.452638923,-0.99891748,New.CleanUp.ReferenceOTU89576,species,Proteobacteria,Betaproteobacteria,Neisseriales,Neisseriaceae,Eikenella,New.CleanUp.ReferenceOTU89576,
-0.021433347,-3.345969796,New.CleanUp.ReferenceOTU89591,species,Actinobacteria,Actinobacteria,Actinomycetales,Bogoriellaceae,Georgenia,New.CleanUp.ReferenceOTU89591,
-0.987368818,4.999010967,New.CleanUp.ReferenceOTU91843,species,Deferribacteres,Deferribacteres,Deferribacterales,Deferribacteraceae,Mucispirillum,New.CleanUp.ReferenceOTU91843,
-0.987368818,4.999010967,New.CleanUp.ReferenceOTU102429,species,Bacteroidetes,Bacteroidia,Bacteroidales,Odoribacteraceae,Odoribacter,New.CleanUp.ReferenceOTU102429,
-3.982030697,-0.700141184,New.CleanUp.ReferenceOTU107940,species,Proteobacteria,Gammaproteobacteria,Alteromonadales,Chromatiaceae,Rheinheimera,New.CleanUp.ReferenceOTU107940,
-1.389943161,-1.088630334,New.CleanUp.ReferenceOTU112523,species,Bacteroidetes,Flavobacteriia,Flavobacteriales,Weeksellaceae,Chryseobacterium,New.CleanUp.ReferenceOTU112523,
1.699615926,-1.380728399,New.CleanUp.ReferenceOTU112532,species,Proteobacteria,Gammaproteobacteria,Enterobacteriales,Enterobacteriaceae,Citrobacter,New.CleanUp.ReferenceOTU112532,
-2.29946022,-0.35062206,New.CleanUp.ReferenceOTU113349,species,Proteobacteria,Alphaproteobacteria,Rhodobacterales,Rhodobacteraceae,Anaerospora,New.CleanUp.ReferenceOTU113349,
2.797209127,0.708105301,New.CleanUp.ReferenceOTU117899,species,Firmicutes,Clostridia,Clostridiales,Tissierellaceae,ph2,New.CleanUp.ReferenceOTU117899,
2.797209127,0.708105301,New.CleanUp.ReferenceOTU118513,species,Firmicutes,Bacilli,Lactobacillales,Enterococcaceae,Vagococcus,New.CleanUp.ReferenceOTU118513,
-3.982030697,-0.700141184,New.CleanUp.ReferenceOTU119252,species,Proteobacteria,Gammaproteobacteria,Legionellales,Legionellaceae,Legionella,New.CleanUp.ReferenceOTU119252,
0.140143224,-0.181015872,New.CleanUp.ReferenceOTU137535,species,Proteobacteria,Gammaproteobacteria,Pasteurellales,Pasteurellaceae,Actinobacillus,New.CleanUp.ReferenceOTU137535,
-0.197452751,-4.991046849,New.CleanUp.ReferenceOTU141280,species,Actinobacteria,Actinobacteria,Actinomycetales,Geodermatophilaceae,Modestobacter,New.CleanUp.ReferenceOTU141280,
-1.296125498,-0.382035077,New.CleanUp.ReferenceOTU141312,species,Verrucomicrobia,Spartobacteria,Chthoniobacterales,Chthoniobacteraceae,heteroC454W,New.CleanUp.ReferenceOTU141312,
2.797209127,0.708105301,New.CleanUp.ReferenceOTU148833,species,Firmicutes,Bacilli,Bacillales,Paenibacillaceae,Brevibacillus,New.CleanUp.ReferenceOTU148833,
-3.982030697,-0.700141184,New.CleanUp.ReferenceOTU154381,species,Actinobacteria,Actinobacteria,Actinomycetales,Micromonosporaceae,Catellatospora,New.CleanUp.ReferenceOTU154381,
-1.700984328,-1.50026784,ST1,bp,NA,NA,NA,NA,NA,NA,
-2.279360886,1.197707128,ST7,bp,NA,NA,NA,NA,NA,NA,
0.377231107,-0.142689093,AJ0077,sites,NA,NA,NA,NA,NA,NA,
-0.186775054,-0.13898779,AJ0087,sites,NA,NA,NA,NA,NA,NA,
0.736727045,-0.07778241,AJ0114,sites,NA,NA,NA,NA,NA,NA,
0.355689756,-0.5879802,AJ0218,sites,NA,NA,NA,NA,NA,NA,
-0.522250072,-0.509753111,AJ0482,sites,NA,NA,NA,NA,NA,NA,
-0.047671643,-0.030391865,AJ0543,sites,NA,NA,NA,NA,NA,NA,
0.375542787,-0.081141053,AJ0585,sites,NA,NA,NA,NA,NA,NA,
-0.116703024,-0.248559961,AJ0736,sites,NA,NA,NA,NA,NA,NA,
-0.098962239,0.032742153,AJ0788,sites,NA,NA,NA,NA,NA,NA,
0.478802505,-0.188515045,AJ0887,sites,NA,NA,NA,NA,NA,NA,
-0.192698184,-0.473989244,AJ0893,sites,NA,NA,NA,NA,NA,NA,
0.535250833,-0.13520802,AJ0968,sites,NA,NA,NA,NA,NA,NA,
0.322448588,-0.279422166,AJ1005,sites,NA,NA,NA,NA,NA,NA,
0.541457055,-0.252460627,AJ1128,sites,NA,NA,NA,NA,NA,NA,
0.564175582,-0.029555795,AJ1134,sites,NA,NA,NA,NA,NA,NA,
0.516975987,-0.239020655,AJ1206,sites,NA,NA,NA,NA,NA,NA,
0.335013139,0.141417063,AJ1236,sites,NA,NA,NA,NA,NA,NA,
-0.491046725,0.917597014,AJ1420,sites,NA,NA,NA,NA,NA,NA,
0.040431925,-0.411693857,AJ2154,sites,NA,NA,NA,NA,NA,NA,
-0.341707003,0.043005284,AJ2201,sites,NA,NA,NA,NA,NA,NA,
0.95803538,0.334317167,AJ2209,sites,NA,NA,NA,NA,NA,NA,
0.398596652,-0.209886084,AJ2276,sites,NA,NA,NA,NA,NA,NA,
0.310244699,0.31570293,AJ2327,sites,NA,NA,NA,NA,NA,NA,
0.547701423,-0.153290295,AJ2393,sites,NA,NA,NA,NA,NA,NA,
0.141457584,0.419535167,AJ2701,sites,NA,NA,NA,NA,NA,NA,
-1.006408366,-0.003841933,AJ2732,sites,NA,NA,NA,NA,NA,NA,
0.193394133,-0.243938703,AJ2764,sites,NA,NA,NA,NA,NA,NA,
0.276439183,0.676533577,AJ2780,sites,NA,NA,NA,NA,NA,NA,
0.153591589,-0.574963468,AJ2788,sites,NA,NA,NA,NA,NA,NA,
0.278362789,-0.182811255,AJ0880,sites,NA,NA,NA,NA,NA,NA,
0.395002318,0.030058994,AJ1141,sites,NA,NA,NA,NA,NA,NA,
0.638022055,-0.112837061,AJ2207,sites,NA,NA,NA,NA,NA,NA,
0.325676306,0.790230137,AJ1235,sites,NA,NA,NA,NA,NA,NA,
-0.80806838,1.139871322,AJ2240,sites,NA,NA,NA,NA,NA,NA,
0.52760171,-0.137697923,AJ0359,sites,NA,NA,NA,NA,NA,NA,
-1.972888804,-0.63876018,AJ1250,sites,NA,NA,NA,NA,NA,NA,
0.136162112,0.068879292,AJ0742,sites,NA,NA,NA,NA,NA,NA,
-0.46428618,0.792211115,AJ0728,sites,NA,NA,NA,NA,NA,NA,
0.527686226,-0.213451313,AJ2712,sites,NA,NA,NA,NA,NA,NA,
-1.268870598,0.598969404,AJ1007,sites,NA,NA,NA,NA,NA,NA,
